Wavelength,Real,Imaginary
1.000000000000E-08,9.684160000000E-01,1.745000000000E-03
1.099000000000E-08,9.647780000000E-01,2.370000000000E-03
1.199000000000E-08,9.609530000000E-01,3.146000000000E-03
1.300000000000E-08,9.569540000000E-01,4.072000000000E-03
1.400000000000E-08,9.527920000000E-01,5.174000000000E-03
1.600000000000E-08,9.441240000000E-01,7.958000000000E-03
1.799000000000E-08,9.347440000000E-01,1.164000000000E-02
2.000000000000E-08,9.245830000000E-01,1.636000000000E-02
2.198000000000E-08,9.139730000000E-01,2.227000000000E-02
2.399000000000E-08,9.026940000000E-01,2.950000000000E-02
2.600000000000E-08,8.908370000000E-01,3.818000000000E-02
2.799000000000E-08,8.787660000000E-01,4.851000000000E-02
2.999000000000E-08,8.664930000000E-01,6.064000000000E-02
3.199000000000E-08,8.541410000000E-01,7.461000000000E-02
3.396000000000E-08,8.421710000000E-01,9.074000000000E-02
3.597000000000E-08,8.307200000000E-01,1.093000000000E-01
3.802000000000E-08,8.197530000000E-01,1.303000000000E-01
3.999000000000E-08,8.099970000000E-01,1.534000000000E-01
4.198000000000E-08,8.022910000000E-01,1.798000000000E-01
4.395000000000E-08,7.977370000000E-01,2.088000000000E-01
4.603000000000E-08,7.970070000000E-01,2.414000000000E-01
4.797000000000E-08,8.055790000000E-01,2.766000000000E-01
5.000000000000E-08,8.207420000000E-01,2.998000000000E-01
5.200000000000E-08,8.309570000000E-01,3.153000000000E-01
5.395000000000E-08,8.352400000000E-01,3.310000000000E-01
5.598000000000E-08,8.352950000000E-01,3.498000000000E-01
5.794000000000E-08,8.316280000000E-01,3.739000000000E-01
5.998000000000E-08,8.309010000000E-01,4.119000000000E-01
6.194000000000E-08,8.405750000000E-01,4.558000000000E-01
6.397000000000E-08,8.669940000000E-01,5.033000000000E-01
6.607000000000E-08,9.035270000000E-01,5.355000000000E-01
6.808000000000E-08,9.418010000000E-01,5.634000000000E-01
6.998000000000E-08,9.816920000000E-01,5.791000000000E-01
7.194000000000E-08,1.020921000000E+00,5.859000000000E-01
7.396000000000E-08,1.049744000000E+00,5.805000000000E-01
7.603000000000E-08,1.068724000000E+00,5.859000000000E-01
7.798000000000E-08,1.087685000000E+00,5.981000000000E-01
7.998000000000E-08,1.111682000000E+00,6.135000000000E-01
8.204000000000E-08,1.140628000000E+00,6.292000000000E-01
8.395000000000E-08,1.173382000000E+00,6.453000000000E-01
8.590000000000E-08,1.214969000000E+00,6.573000000000E-01
8.790000000000E-08,1.259495000000E+00,6.573000000000E-01
8.995000000000E-08,1.302663000000E+00,6.528000000000E-01
9.204000000000E-08,1.346760000000E+00,6.439000000000E-01
9.397000000000E-08,1.387639000000E+00,6.292000000000E-01
9.594000000000E-08,1.425425000000E+00,6.050000000000E-01
9.795000000000E-08,1.455868000000E+00,5.752000000000E-01
1.000000000000E-07,1.476628000000E+00,5.430000000000E-01
1.021000000000E-07,1.493473000000E+00,5.185000000000E-01
1.040000000000E-07,1.506677000000E+00,4.929000000000E-01
1.059000000000E-07,1.516305000000E+00,4.707000000000E-01
1.079000000000E-07,1.523589000000E+00,4.485000000000E-01
1.099000000000E-07,1.528933000000E+00,4.303000000000E-01
1.119000000000E-07,1.535363000000E+00,4.148000000000E-01
1.140000000000E-07,1.543211000000E+00,3.988000000000E-01
1.159000000000E-07,1.548070000000E+00,3.826000000000E-01
1.180000000000E-07,1.553435000000E+00,3.705000000000E-01
1.199000000000E-07,1.560870000000E+00,3.596000000000E-01
1.219000000000E-07,1.570304000000E+00,3.490000000000E-01
1.239000000000E-07,1.584638000000E+00,3.387000000000E-01
1.259000000000E-07,1.606068000000E+00,3.220000000000E-01
1.279000000000E-07,1.626822000000E+00,2.876000000000E-01
1.300000000000E-07,1.633849000000E+00,2.392000000000E-01
1.321000000000E-07,1.619420000000E+00,1.870000000000E-01
1.340000000000E-07,1.586268000000E+00,1.489000000000E-01
1.361000000000E-07,1.536403000000E+00,1.333000000000E-01
1.380000000000E-07,1.496271000000E+00,1.422000000000E-01
1.400000000000E-07,1.471129000000E+00,1.678000000000E-01
1.419000000000E-07,1.461485000000E+00,1.927000000000E-01
1.439000000000E-07,1.460977000000E+00,2.167000000000E-01
1.459000000000E-07,1.469275000000E+00,2.409000000000E-01
1.479000000000E-07,1.489551000000E+00,2.641000000000E-01
1.500000000000E-07,1.521276000000E+00,2.772000000000E-01
1.521000000000E-07,1.559942000000E+00,2.772000000000E-01
1.542000000000E-07,1.596861000000E+00,2.581000000000E-01
1.560000000000E-07,1.620422000000E+00,2.338000000000E-01
1.581000000000E-07,1.641473000000E+00,2.022000000000E-01
1.600000000000E-07,1.650184000000E+00,1.670000000000E-01
1.622000000000E-07,1.652917000000E+00,1.351000000000E-01
1.641000000000E-07,1.653100000000E+00,1.039000000000E-01
1.660000000000E-07,1.647245000000E+00,7.241000000000E-02
1.679000000000E-07,1.635062000000E+00,3.998000000000E-02
1.698000000000E-07,1.605555000000E+00,3.998000000000E-03
1.722000000000E-07,1.568183000000E+00,2.004000000000E-03
1.742000000000E-07,1.549412000000E+00,1.182000000000E-03
1.750000000000E-07,1.543062000000E+00,8.391000000000E-04
1.799000000000E-07,1.513343000000E+00,5.995000000000E-05
1.849000000000E-07,1.491881000000E+00,1.250000000000E-06
1.901000000000E-07,1.475183000000E+00,3.622000000000E-07
1.950000000000E-07,1.462543000000E+00,1.850000000000E-07
2.000000000000E-07,1.451724000000E+00,1.101000000000E-07
2.051000000000E-07,1.442296000000E+00,6.711000000000E-08
2.099000000000E-07,1.434685000000E+00,3.844000000000E-08
2.148000000000E-07,1.427828000000E+00,1.999000000000E-08
2.198000000000E-07,1.421603000000E+00,1.270000000000E-08
2.249000000000E-07,1.415921000000E+00,1.158000000000E-08
2.301000000000E-07,1.410702000000E+00,1.101000000000E-08
2.350000000000E-07,1.406358000000E+00,1.071000000000E-08
2.399000000000E-07,1.402321000000E+00,1.049000000000E-08
2.449000000000E-07,1.398535000000E+00,9.904000000000E-09
2.500000000000E-07,1.394993000000E+00,9.307000000000E-09
2.553000000000E-07,1.391674000000E+00,8.606000000000E-09
2.600000000000E-07,1.388881000000E+00,7.994000000000E-09
2.649000000000E-07,1.386239000000E+00,7.444000000000E-09
2.698000000000E-07,1.383726000000E+00,6.852000000000E-09
2.748000000000E-07,1.381341000000E+00,6.292000000000E-09
2.799000000000E-07,1.379072000000E+00,5.791000000000E-09
2.851000000000E-07,1.376902000000E+00,5.405000000000E-09
2.897000000000E-07,1.375086000000E+00,4.795000000000E-09
2.951000000000E-07,1.373098000000E+00,4.403000000000E-09
2.999000000000E-07,1.371437000000E+00,4.148000000000E-09
3.048000000000E-07,1.369839000000E+00,3.826000000000E-09
3.097000000000E-07,1.368287000000E+00,3.546000000000E-09
3.148000000000E-07,1.366812000000E+00,3.325000000000E-09
3.199000000000E-07,1.365376000000E+00,3.190000000000E-09
3.251000000000E-07,1.363990000000E+00,3.082000000000E-09
3.304000000000E-07,1.362616000000E+00,2.984000000000E-09
3.350000000000E-07,1.361513000000E+00,2.883000000000E-09
3.396000000000E-07,1.360441000000E+00,2.766000000000E-09
3.451000000000E-07,1.359231000000E+00,2.653000000000E-09
3.499000000000E-07,1.358224000000E+00,2.528000000000E-09
3.548000000000E-07,1.357247000000E+00,2.420000000000E-09
3.597000000000E-07,1.356295000000E+00,2.316000000000E-09
3.648000000000E-07,1.355370000000E+00,2.217000000000E-09
3.698000000000E-07,1.354470000000E+00,2.117000000000E-09
3.750000000000E-07,1.353594000000E+00,2.031000000000E-09
3.802000000000E-07,1.352740000000E+00,1.940000000000E-09
3.846000000000E-07,1.352046000000E+00,1.840000000000E-09
3.899000000000E-07,1.351231000000E+00,1.761000000000E-09
3.954000000000E-07,1.350438000000E+00,1.663000000000E-09
3.999000000000E-07,1.349793000000E+00,1.580000000000E-09
4.046000000000E-07,1.349159000000E+00,1.489000000000E-09
4.102000000000E-07,1.348417000000E+00,1.422000000000E-09
4.150000000000E-07,1.347811000000E+00,1.339000000000E-09
4.198000000000E-07,1.347219000000E+00,1.258000000000E-09
4.246000000000E-07,1.346636000000E+00,1.169000000000E-09
4.295000000000E-07,1.346066000000E+00,1.088000000000E-09
4.345000000000E-07,1.345505000000E+00,1.018000000000E-09
4.395000000000E-07,1.344956000000E+00,9.393000000000E-10
4.446000000000E-07,1.344418000000E+00,8.685000000000E-10
4.498000000000E-07,1.343889000000E+00,8.087000000000E-10
4.550000000000E-07,1.343368000000E+00,7.795000000000E-10
4.603000000000E-07,1.342858000000E+00,7.600000000000E-10
4.645000000000E-07,1.342455000000E+00,7.495000000000E-10
4.699000000000E-07,1.341961000000E+00,7.291000000000E-10
4.753000000000E-07,1.341475000000E+00,7.011000000000E-10
4.797000000000E-07,1.341093000000E+00,7.092000000000E-10
4.853000000000E-07,1.340620000000E+00,7.158000000000E-10
4.898000000000E-07,1.340248000000E+00,7.342000000000E-10
4.955000000000E-07,1.339791000000E+00,7.849000000000E-10
5.000000000000E-07,1.339430000000E+00,9.243000000000E-10
5.047000000000E-07,1.339073000000E+00,1.078000000000E-09
5.105000000000E-07,1.338635000000E+00,1.267000000000E-09
5.152000000000E-07,1.338288000000E+00,1.461000000000E-09
5.200000000000E-07,1.337944000000E+00,1.570000000000E-09
5.248000000000E-07,1.337607000000E+00,1.640000000000E-09
5.297000000000E-07,1.337273000000E+00,1.757000000000E-09
5.346000000000E-07,1.336943000000E+00,1.887000000000E-09
5.395000000000E-07,1.336615000000E+00,2.098000000000E-09
5.445000000000E-07,1.336292000000E+00,2.269000000000E-09
5.495000000000E-07,1.335972000000E+00,2.442000000000E-09
5.546000000000E-07,1.335656000000E+00,2.659000000000E-09
5.598000000000E-07,1.335344000000E+00,2.869000000000E-09
5.649000000000E-07,1.335035000000E+00,3.132000000000E-09
5.702000000000E-07,1.334729000000E+00,3.434000000000E-09
5.754000000000E-07,1.334425000000E+00,3.844000000000E-09
5.794000000000E-07,1.334200000000E+00,4.434000000000E-09
5.848000000000E-07,1.333902000000E+00,5.221000000000E-09
5.902000000000E-07,1.333609000000E+00,6.365000000000E-09
5.957000000000E-07,1.333316000000E+00,7.723000000000E-09
5.998000000000E-07,1.333100000000E+00,9.634000000000E-09
6.053000000000E-07,1.332813000000E+00,1.132000000000E-08
6.095000000000E-07,1.332598000000E+00,1.238000000000E-08
6.152000000000E-07,1.332317000000E+00,1.330000000000E-08
6.194000000000E-07,1.332106000000E+00,1.399000000000E-08
6.252000000000E-07,1.331826000000E+00,1.472000000000E-08
6.295000000000E-07,1.331619000000E+00,1.502000000000E-08
6.353000000000E-07,1.331345000000E+00,1.552000000000E-08
6.397000000000E-07,1.331144000000E+00,1.570000000000E-08
6.457000000000E-07,1.330877000000E+00,1.606000000000E-08
6.501000000000E-07,1.330683000000E+00,1.674000000000E-08
6.546000000000E-07,1.330490000000E+00,1.777000000000E-08
6.607000000000E-07,1.330238000000E+00,1.940000000000E-08
6.653000000000E-07,1.330052000000E+00,2.031000000000E-08
6.699000000000E-07,1.329869000000E+00,2.098000000000E-08
6.745000000000E-07,1.329690000000E+00,2.177000000000E-08
6.808000000000E-07,1.329452000000E+00,2.300000000000E-08
6.855000000000E-07,1.329278000000E+00,2.471000000000E-08
6.902000000000E-07,1.329106000000E+00,2.653000000000E-08
6.950000000000E-07,1.328938000000E+00,2.963000000000E-08
6.998000000000E-07,1.328769000000E+00,3.348000000000E-08
7.047000000000E-07,1.328603000000E+00,4.100000000000E-08
7.096000000000E-07,1.328440000000E+00,4.998000000000E-08
7.145000000000E-07,1.328279000000E+00,5.995000000000E-08
7.194000000000E-07,1.328120000000E+00,7.291000000000E-08
7.244000000000E-07,1.327963000000E+00,9.137000000000E-08
7.295000000000E-07,1.327808000000E+00,1.150000000000E-07
7.345000000000E-07,1.327652000000E+00,1.348000000000E-07
7.396000000000E-07,1.327502000000E+00,1.458000000000E-07
7.447000000000E-07,1.327350000000E+00,1.530000000000E-07
7.499000000000E-07,1.327201000000E+00,1.559000000000E-07
7.551000000000E-07,1.327055000000E+00,1.580000000000E-07
7.603000000000E-07,1.326909000000E+00,1.580000000000E-07
7.656000000000E-07,1.326764000000E+00,1.570000000000E-07
7.691000000000E-07,1.326667000000E+00,1.527000000000E-07
7.745000000000E-07,1.326524000000E+00,1.478000000000E-07
7.798000000000E-07,1.326382000000E+00,1.409000000000E-07
7.852000000000E-07,1.326244000000E+00,1.339000000000E-07
7.907000000000E-07,1.326104000000E+00,1.282000000000E-07
7.943000000000E-07,1.326012000000E+00,1.258000000000E-07
7.998000000000E-07,1.325874000000E+00,1.250000000000E-07
8.054000000000E-07,1.325739000000E+00,1.270000000000E-07
8.091000000000E-07,1.325648000000E+00,1.330000000000E-07
8.147000000000E-07,1.325512000000E+00,1.448000000000E-07
8.204000000000E-07,1.325379000000E+00,1.621000000000E-07
8.241000000000E-07,1.325290000000E+00,1.819000000000E-07
8.299000000000E-07,1.325157000000E+00,2.041000000000E-07
8.356000000000E-07,1.325025000000E+00,2.243000000000E-07
8.395000000000E-07,1.324937000000E+00,2.459000000000E-07
8.453000000000E-07,1.324805000000E+00,2.690000000000E-07
8.492000000000E-07,1.324718000000E+00,2.929000000000E-07
8.551000000000E-07,1.324590000000E+00,3.153000000000E-07
8.590000000000E-07,1.324502000000E+00,3.348000000000E-07
8.650000000000E-07,1.324373000000E+00,3.546000000000E-07
8.710000000000E-07,1.324244000000E+00,3.748000000000E-07
8.750000000000E-07,1.324159000000E+00,3.907000000000E-07
8.790000000000E-07,1.324074000000E+00,4.053000000000E-07
8.851000000000E-07,1.323946000000E+00,4.234000000000E-07
8.892000000000E-07,1.323859000000E+00,4.403000000000E-07
8.954000000000E-07,1.323732000000E+00,4.622000000000E-07
8.995000000000E-07,1.323648000000E+00,4.862000000000E-07
9.057000000000E-07,1.323520000000E+00,5.150000000000E-07
9.099000000000E-07,1.323434000000E+00,5.699000000000E-07
9.141000000000E-07,1.323351000000E+00,6.696000000000E-07
9.204000000000E-07,1.323222000000E+00,8.304000000000E-07
9.247000000000E-07,1.323138000000E+00,1.060000000000E-06
9.290000000000E-07,1.323054000000E+00,1.368000000000E-06
9.354000000000E-07,1.322926000000E+00,1.771000000000E-06
9.397000000000E-07,1.322842000000E+00,2.169000000000E-06
9.441000000000E-07,1.322757000000E+00,2.557000000000E-06
9.506000000000E-07,1.322630000000E+00,2.932000000000E-06
9.550000000000E-07,1.322546000000E+00,3.190000000000E-06
9.594000000000E-07,1.322462000000E+00,3.358000000000E-06
9.661000000000E-07,1.322333000000E+00,3.464000000000E-06
9.705000000000E-07,1.322249000000E+00,3.502000000000E-06
9.750000000000E-07,1.322165000000E+00,3.480000000000E-06
9.795000000000E-07,1.322080000000E+00,3.418000000000E-06
9.840000000000E-07,1.321994000000E+00,3.336000000000E-06
9.908000000000E-07,1.321866000000E+00,3.253000000000E-06
9.954000000000E-07,1.321780000000E+00,3.131000000000E-06
1.000000000000E-06,1.321695000000E+00,3.000000000000E-06
1.009000000000E-06,1.321521000000E+00,2.688000000000E-06
1.021000000000E-06,1.321303000000E+00,2.352000000000E-06
1.030000000000E-06,1.321128000000E+00,2.001000000000E-06
1.040000000000E-06,1.320952000000E+00,1.690000000000E-06
1.050000000000E-06,1.320775000000E+00,1.419000000000E-06
1.059000000000E-06,1.320596000000E+00,1.299000000000E-06
1.069000000000E-06,1.320416000000E+00,1.259000000000E-06
1.079000000000E-06,1.320233000000E+00,1.329000000000E-06
1.089000000000E-06,1.320051000000E+00,1.499000000000E-06
1.099000000000E-06,1.319865000000E+00,1.708000000000E-06
1.109000000000E-06,1.319678000000E+00,2.038000000000E-06
1.119000000000E-06,1.319488000000E+00,2.628000000000E-06
1.130000000000E-06,1.319296000000E+00,3.869000000000E-06
1.140000000000E-06,1.319103000000E+00,5.951000000000E-06
1.151000000000E-06,1.318909000000E+00,9.306000000000E-06
1.159000000000E-06,1.318763000000E+00,1.069000000000E-05
1.169000000000E-06,1.318566000000E+00,1.120000000000E-05
1.180000000000E-06,1.318366000000E+00,1.160000000000E-05
1.191000000000E-06,1.318162000000E+00,1.181000000000E-05
1.199000000000E-06,1.318008000000E+00,1.199000000000E-05
1.211000000000E-06,1.317799000000E+00,1.191000000000E-05
1.219000000000E-06,1.317641000000E+00,1.179000000000E-05
1.230000000000E-06,1.317427000000E+00,1.160000000000E-05
1.239000000000E-06,1.317263000000E+00,1.139000000000E-05
1.250000000000E-06,1.317042000000E+00,1.100000000000E-05
1.259000000000E-06,1.316873000000E+00,1.079000000000E-05
1.271000000000E-06,1.316645000000E+00,1.090000000000E-05
1.279000000000E-06,1.316470000000E+00,1.139000000000E-05
1.291000000000E-06,1.316233000000E+00,1.221000000000E-05
1.300000000000E-06,1.316052000000E+00,1.400000000000E-05
1.309000000000E-06,1.315868000000E+00,1.639000000000E-05
1.321000000000E-06,1.315618000000E+00,1.912000000000E-05
1.330000000000E-06,1.315425000000E+00,2.251000000000E-05
1.340000000000E-06,1.315228000000E+00,2.849000000000E-05
1.349000000000E-06,1.315031000000E+00,4.047000000000E-05
1.361000000000E-06,1.314760000000E+00,4.505000000000E-05
1.371000000000E-06,1.314547000000E+00,5.804000000000E-05
1.380000000000E-06,1.314329000000E+00,7.802000000000E-05
1.390000000000E-06,1.314104000000E+00,1.060000000000E-04
1.400000000000E-06,1.313871000000E+00,1.530000000000E-04
1.409000000000E-06,1.313671000000E+00,2.540000000000E-04
1.419000000000E-06,1.313518000000E+00,3.197000000000E-04
1.429000000000E-06,1.313373000000E+00,3.538000000000E-04
1.439000000000E-06,1.313220000000E+00,3.629000000000E-04
1.449000000000E-06,1.313055000000E+00,3.637000000000E-04
1.459000000000E-06,1.312888000000E+00,3.604000000000E-04
1.469000000000E-06,1.312715000000E+00,3.387000000000E-04
1.479000000000E-06,1.312525000000E+00,3.018000000000E-04
1.489000000000E-06,1.312318000000E+00,2.659000000000E-04
1.500000000000E-06,1.312093000000E+00,2.248000000000E-04
1.510000000000E-06,1.311852000000E+00,1.958000000000E-04
1.521000000000E-06,1.311604000000E+00,1.741000000000E-04
1.531000000000E-06,1.311352000000E+00,1.602000000000E-04
1.542000000000E-06,1.311097000000E+00,1.441000000000E-04
1.549000000000E-06,1.310923000000E+00,1.348000000000E-04
1.560000000000E-06,1.310659000000E+00,1.240000000000E-04
1.570000000000E-06,1.310387000000E+00,1.140000000000E-04
1.581000000000E-06,1.310114000000E+00,1.071000000000E-04
1.589000000000E-06,1.309928000000E+00,9.940000000000E-05
1.600000000000E-06,1.309642000000E+00,9.347000000000E-05
1.611000000000E-06,1.309352000000E+00,8.804000000000E-05
1.622000000000E-06,1.309055000000E+00,8.310000000000E-05
1.629000000000E-06,1.308855000000E+00,8.096000000000E-05
1.641000000000E-06,1.308548000000E+00,7.903000000000E-05
1.648000000000E-06,1.308341000000E+00,7.591000000000E-05
1.660000000000E-06,1.308021000000E+00,7.398000000000E-05
1.671000000000E-06,1.307672000000E+00,7.404000000000E-05
1.679000000000E-06,1.307435000000E+00,7.495000000000E-05
1.690000000000E-06,1.307073000000E+00,7.601000000000E-05
1.698000000000E-06,1.306829000000E+00,7.743000000000E-05
1.710000000000E-06,1.306453000000E+00,8.050000000000E-05
1.722000000000E-06,1.306070000000E+00,8.410000000000E-05
1.730000000000E-06,1.305809000000E+00,8.900000000000E-05
1.742000000000E-06,1.305413000000E+00,9.510000000000E-05
1.750000000000E-06,1.305142000000E+00,1.000000000000E-04
1.762000000000E-06,1.304727000000E+00,1.051000000000E-04
1.770000000000E-06,1.304442000000E+00,1.120000000000E-04
1.778000000000E-06,1.304155000000E+00,1.219000000000E-04
1.791000000000E-06,1.303718000000E+00,1.330000000000E-04
1.799000000000E-06,1.303418000000E+00,1.359000000000E-04
1.811000000000E-06,1.302947000000E+00,1.371000000000E-04
1.820000000000E-06,1.302616000000E+00,1.380000000000E-04
1.828000000000E-06,1.302269000000E+00,1.418000000000E-04
1.841000000000E-06,1.301709000000E+00,1.552000000000E-04
1.849000000000E-06,1.301291000000E+00,1.861000000000E-04
1.862000000000E-06,1.300633000000E+00,3.205000000000E-04
1.871000000000E-06,1.300214000000E+00,5.209000000000E-04
1.879000000000E-06,1.299860000000E+00,7.224000000000E-04
1.888000000000E-06,1.299545000000E+00,9.221000000000E-04
1.901000000000E-06,1.298998000000E+00,1.161000000000E-03
1.910000000000E-06,1.298791000000E+00,1.678000000000E-03
1.919000000000E-06,1.298793000000E+00,1.827000000000E-03
1.932000000000E-06,1.298681000000E+00,1.922000000000E-03
1.941000000000E-06,1.298590000000E+00,1.909000000000E-03
1.950000000000E-06,1.298472000000E+00,1.848000000000E-03
1.959000000000E-06,1.298308000000E+00,1.717000000000E-03
1.968000000000E-06,1.298051000000E+00,1.548000000000E-03
1.982000000000E-06,1.297607000000E+00,1.402000000000E-03
1.991000000000E-06,1.297292000000E+00,1.250000000000E-03
2.000000000000E-06,1.296913000000E+00,1.101000000000E-03
2.009000000000E-06,1.296499000000E+00,9.904000000000E-04
2.018000000000E-06,1.296066000000E+00,8.888000000000E-04
2.028000000000E-06,1.295606000000E+00,8.050000000000E-04
2.042000000000E-06,1.294919000000E+00,7.392000000000E-04
2.051000000000E-06,1.294457000000E+00,6.742000000000E-04
2.061000000000E-06,1.293973000000E+00,6.206000000000E-04
2.070000000000E-06,1.293476000000E+00,5.725000000000E-04
2.080000000000E-06,1.292966000000E+00,5.294000000000E-04
2.089000000000E-06,1.292438000000E+00,4.884000000000E-04
2.099000000000E-06,1.291899000000E+00,4.643000000000E-04
2.109000000000E-06,1.291353000000E+00,4.403000000000E-04
2.118000000000E-06,1.290795000000E+00,4.176000000000E-04
2.128000000000E-06,1.290221000000E+00,3.970000000000E-04
2.138000000000E-06,1.289634000000E+00,3.826000000000E-04
2.148000000000E-06,1.289033000000E+00,3.705000000000E-04
2.158000000000E-06,1.288418000000E+00,3.587000000000E-04
2.168000000000E-06,1.287787000000E+00,3.506000000000E-04
2.178000000000E-06,1.287139000000E+00,3.434000000000E-04
2.188000000000E-06,1.286474000000E+00,3.395000000000E-04
2.198000000000E-06,1.285790000000E+00,3.379000000000E-04
2.208000000000E-06,1.285087000000E+00,3.387000000000E-04
2.218000000000E-06,1.284365000000E+00,3.410000000000E-04
2.228000000000E-06,1.283619000000E+00,3.458000000000E-04
2.239000000000E-06,1.282852000000E+00,3.571000000000E-04
2.249000000000E-06,1.282064000000E+00,3.739000000000E-04
2.259000000000E-06,1.281256000000E+00,3.898000000000E-04
2.270000000000E-06,1.280421000000E+00,4.081000000000E-04
2.280000000000E-06,1.279561000000E+00,4.293000000000E-04
2.291000000000E-06,1.278675000000E+00,4.506000000000E-04
2.301000000000E-06,1.277755000000E+00,4.686000000000E-04
2.312000000000E-06,1.276797000000E+00,4.918000000000E-04
2.317000000000E-06,1.276305000000E+00,5.114000000000E-04
2.328000000000E-06,1.275295000000E+00,5.430000000000E-04
2.339000000000E-06,1.274257000000E+00,5.995000000000E-04
2.350000000000E-06,1.273184000000E+00,6.365000000000E-04
2.360000000000E-06,1.272062000000E+00,6.852000000000E-04
2.371000000000E-06,1.270902000000E+00,7.427000000000E-04
2.382000000000E-06,1.269682000000E+00,7.921000000000E-04
2.388000000000E-06,1.269059000000E+00,8.488000000000E-04
2.399000000000E-06,1.267787000000E+00,9.095000000000E-04
2.410000000000E-06,1.266450000000E+00,9.904000000000E-04
2.421000000000E-06,1.265059000000E+00,1.071000000000E-03
2.432000000000E-06,1.263577000000E+00,1.150000000000E-03
2.438000000000E-06,1.262824000000E+00,1.250000000000E-03
2.449000000000E-06,1.261297000000E+00,1.348000000000E-03
2.460000000000E-06,1.259683000000E+00,1.472000000000E-03
2.472000000000E-06,1.257969000000E+00,1.580000000000E-03
2.477000000000E-06,1.257102000000E+00,1.709000000000E-03
2.489000000000E-06,1.255347000000E+00,1.810000000000E-03
2.500000000000E-06,1.253465000000E+00,1.900000000000E-03
2.512000000000E-06,1.251445000000E+00,1.953000000000E-03
2.518000000000E-06,1.250383000000E+00,1.990000000000E-03
2.529000000000E-06,1.248127000000E+00,2.017000000000E-03
2.541000000000E-06,1.245672000000E+00,2.069000000000E-03
2.553000000000E-06,1.243014000000E+00,2.142000000000E-03
2.564000000000E-06,1.240167000000E+00,2.269000000000E-03
2.570000000000E-06,1.238670000000E+00,2.311000000000E-03
2.576000000000E-06,1.237089000000E+00,2.338000000000E-03
2.582000000000E-06,1.235426000000E+00,2.387000000000E-03
2.588000000000E-06,1.233679000000E+00,2.425000000000E-03
2.594000000000E-06,1.231834000000E+00,2.476000000000E-03
2.606000000000E-06,1.227769000000E+00,2.575000000000E-03
2.612000000000E-06,1.225483000000E+00,2.703000000000E-03
2.618000000000E-06,1.223082000000E+00,2.977000000000E-03
2.624000000000E-06,1.220535000000E+00,3.302000000000E-03
2.630000000000E-06,1.218078000000E+00,4.016000000000E-03
2.636000000000E-06,1.215699000000E+00,4.363000000000E-03
2.649000000000E-06,1.209954000000E+00,4.828000000000E-03
2.655000000000E-06,1.206519000000E+00,5.368000000000E-03
2.661000000000E-06,1.202951000000E+00,6.278000000000E-03
2.667000000000E-06,1.199289000000E+00,7.325000000000E-03
2.673000000000E-06,1.195340000000E+00,8.547000000000E-03
2.679000000000E-06,1.191390000000E+00,1.049000000000E-02
2.685000000000E-06,1.188087000000E+00,1.270000000000E-02
2.698000000000E-06,1.179962000000E+00,1.451000000000E-02
2.704000000000E-06,1.174582000000E+00,1.640000000000E-02
2.710000000000E-06,1.168874000000E+00,1.861000000000E-02
2.716000000000E-06,1.160993000000E+00,2.050000000000E-02
2.723000000000E-06,1.152876000000E+00,2.817000000000E-02
2.729000000000E-06,1.149520000000E+00,3.800000000000E-02
2.742000000000E-06,1.142068000000E+00,4.622000000000E-02
2.748000000000E-06,1.136183000000E+00,5.480000000000E-02
2.754000000000E-06,1.132860000000E+00,6.483000000000E-02
2.761000000000E-06,1.131711000000E+00,7.444000000000E-02
2.767000000000E-06,1.132778000000E+00,8.352000000000E-02
2.780000000000E-06,1.130913000000E+00,9.285000000000E-02
2.786000000000E-06,1.127959000000E+00,1.020000000000E-01
2.793000000000E-06,1.127558000000E+00,1.119000000000E-01
2.799000000000E-06,1.129478000000E+00,1.210000000000E-01
2.812000000000E-06,1.128413000000E+00,1.312000000000E-01
2.818000000000E-06,1.125532000000E+00,1.422000000000E-01
2.825000000000E-06,1.125351000000E+00,1.541000000000E-01
2.831000000000E-06,1.127523000000E+00,1.670000000000E-01
2.838000000000E-06,1.133346000000E+00,1.798000000000E-01
2.851000000000E-06,1.142386000000E+00,1.940000000000E-01
2.858000000000E-06,1.145545000000E+00,2.060000000000E-01
2.864000000000E-06,1.152284000000E+00,2.182000000000E-01
2.871000000000E-06,1.162372000000E+00,2.290000000000E-01
2.884000000000E-06,1.178446000000E+00,2.392000000000E-01
2.891000000000E-06,1.185419000000E+00,2.493000000000E-01
2.897000000000E-06,1.195889000000E+00,2.581000000000E-01
2.904000000000E-06,1.208002000000E+00,2.647000000000E-01
2.917000000000E-06,1.229654000000E+00,2.715000000000E-01
2.924000000000E-06,1.240033000000E+00,2.759000000000E-01
2.931000000000E-06,1.252073000000E+00,2.798000000000E-01
2.938000000000E-06,1.263935000000E+00,2.804000000000E-01
2.951000000000E-06,1.285942000000E+00,2.824000000000E-01
2.958000000000E-06,1.297762000000E+00,2.817000000000E-01
2.965000000000E-06,1.307891000000E+00,2.785000000000E-01
2.979000000000E-06,1.326310000000E+00,2.759000000000E-01
2.985000000000E-06,1.334533000000E+00,2.721000000000E-01
2.999000000000E-06,1.352917000000E+00,2.721000000000E-01
3.048000000000E-06,1.411876000000E+00,2.398000000000E-01
3.097000000000E-06,1.452013000000E+00,1.918000000000E-01
3.148000000000E-06,1.466753000000E+00,1.348000000000E-01
3.199000000000E-06,1.461522000000E+00,9.243000000000E-02
3.251000000000E-06,1.449409000000E+00,6.106000000000E-02
3.304000000000E-06,1.432585000000E+00,3.688000000000E-02
3.350000000000E-06,1.417064000000E+00,2.611000000000E-02
3.396000000000E-06,1.404875000000E+00,1.949000000000E-02
3.451000000000E-06,1.393260000000E+00,1.321000000000E-02
3.499000000000E-06,1.384213000000E+00,9.393000000000E-03
3.548000000000E-06,1.376092000000E+00,6.789000000000E-03
3.597000000000E-06,1.368863000000E+00,5.150000000000E-03
3.648000000000E-06,1.362546000000E+00,4.234000000000E-03
3.698000000000E-06,1.356937000000E+00,3.596000000000E-03
3.750000000000E-06,1.351891000000E+00,3.402000000000E-03
3.802000000000E-06,1.347393000000E+00,3.402000000000E-03
3.846000000000E-06,1.343958000000E+00,3.530000000000E-03
3.899000000000E-06,1.340174000000E+00,3.800000000000E-03
3.954000000000E-06,1.336658000000E+00,4.157000000000E-03
3.999000000000E-06,1.333929000000E+00,4.600000000000E-03
4.046000000000E-06,1.331403000000E+00,5.067000000000E-03
4.102000000000E-06,1.328504000000E+00,5.621000000000E-03
4.150000000000E-06,1.326183000000E+00,6.220000000000E-03
4.198000000000E-06,1.323997000000E+00,6.883000000000E-03
4.246000000000E-06,1.321906000000E+00,7.600000000000E-03
4.295000000000E-06,1.319948000000E+00,8.449000000000E-03
4.345000000000E-06,1.318113000000E+00,9.307000000000E-03
4.395000000000E-06,1.316398000000E+00,1.030000000000E-02
4.446000000000E-06,1.314920000000E+00,1.140000000000E-02
4.498000000000E-06,1.313587000000E+00,1.238000000000E-02
4.550000000000E-06,1.312483000000E+00,1.361000000000E-02
4.603000000000E-06,1.311785000000E+00,1.472000000000E-02
4.645000000000E-06,1.311588000000E+00,1.548000000000E-02
4.699000000000E-06,1.311451000000E+00,1.570000000000E-02
4.753000000000E-06,1.311148000000E+00,1.552000000000E-02
4.797000000000E-06,1.310657000000E+00,1.499000000000E-02
4.853000000000E-06,1.309721000000E+00,1.441000000000E-02
4.898000000000E-06,1.308720000000E+00,1.370000000000E-02
4.955000000000E-06,1.307228000000E+00,1.312000000000E-02
5.000000000000E-06,1.305885000000E+00,1.241000000000E-02
5.047000000000E-06,1.304258000000E+00,1.180000000000E-02
5.105000000000E-06,1.301965000000E+00,1.111000000000E-02
5.152000000000E-06,1.299910000000E+00,1.061000000000E-02
5.200000000000E-06,1.297550000000E+00,1.011000000000E-02
5.248000000000E-06,1.294933000000E+00,9.904000000000E-03
5.297000000000E-06,1.292117000000E+00,9.790000000000E-03
5.346000000000E-06,1.289015000000E+00,9.881000000000E-03
5.395000000000E-06,1.285729000000E+00,1.030000000000E-02
5.445000000000E-06,1.282194000000E+00,1.078000000000E-02
5.495000000000E-06,1.278291000000E+00,1.158000000000E-02
5.546000000000E-06,1.273883000000E+00,1.258000000000E-02
5.598000000000E-06,1.268802000000E+00,1.418000000000E-02
5.649000000000E-06,1.262994000000E+00,1.659000000000E-02
5.702000000000E-06,1.256584000000E+00,2.031000000000E-02
5.754000000000E-06,1.248370000000E+00,2.482000000000E-02
5.794000000000E-06,1.242239000000E+00,3.295000000000E-02
5.848000000000E-06,1.234896000000E+00,4.323000000000E-02
5.902000000000E-06,1.229289000000E+00,6.220000000000E-02
5.957000000000E-06,1.231892000000E+00,8.646000000000E-02
5.998000000000E-06,1.242862000000E+00,1.069000000000E-01
6.053000000000E-06,1.268459000000E+00,1.250000000000E-01
6.095000000000E-06,1.295314000000E+00,1.309000000000E-01
6.152000000000E-06,1.330121000000E+00,1.172000000000E-01
6.194000000000E-06,1.341605000000E+00,8.786000000000E-02
6.252000000000E-06,1.339863000000E+00,6.947000000000E-02
6.295000000000E-06,1.335754000000E+00,5.699000000000E-02
6.353000000000E-06,1.329242000000E+00,4.952000000000E-02
6.397000000000E-06,1.325038000000E+00,4.485000000000E-02
6.457000000000E-06,1.320468000000E+00,4.176000000000E-02
6.501000000000E-06,1.317726000000E+00,3.925000000000E-02
6.546000000000E-06,1.314837000000E+00,3.731000000000E-02
6.607000000000E-06,1.311404000000E+00,3.563000000000E-02
6.653000000000E-06,1.309021000000E+00,3.450000000000E-02
6.699000000000E-06,1.306716000000E+00,3.371000000000E-02
6.745000000000E-06,1.304521000000E+00,3.310000000000E-02
6.808000000000E-06,1.301901000000E+00,3.272000000000E-02
6.855000000000E-06,1.300125000000E+00,3.242000000000E-02
6.902000000000E-06,1.298382000000E+00,3.220000000000E-02
6.950000000000E-06,1.296751000000E+00,3.212000000000E-02
6.998000000000E-06,1.295193000000E+00,3.197000000000E-02
7.047000000000E-06,1.293609000000E+00,3.190000000000E-02
7.096000000000E-06,1.292093000000E+00,3.197000000000E-02
7.145000000000E-06,1.290696000000E+00,3.205000000000E-02
7.194000000000E-06,1.289296000000E+00,3.205000000000E-02
7.244000000000E-06,1.287944000000E+00,3.220000000000E-02
7.295000000000E-06,1.286624000000E+00,3.220000000000E-02
7.345000000000E-06,1.285242000000E+00,3.227000000000E-02
7.396000000000E-06,1.283912000000E+00,3.242000000000E-02
7.447000000000E-06,1.282606000000E+00,3.249000000000E-02
7.499000000000E-06,1.281248000000E+00,3.257000000000E-02
7.551000000000E-06,1.279895000000E+00,3.272000000000E-02
7.603000000000E-06,1.278508000000E+00,3.279000000000E-02
7.656000000000E-06,1.277123000000E+00,3.302000000000E-02
7.691000000000E-06,1.276220000000E+00,3.310000000000E-02
7.745000000000E-06,1.274794000000E+00,3.325000000000E-02
7.798000000000E-06,1.273363000000E+00,3.348000000000E-02
7.852000000000E-06,1.271952000000E+00,3.371000000000E-02
7.907000000000E-06,1.270543000000E+00,3.395000000000E-02
7.943000000000E-06,1.269613000000E+00,3.410000000000E-02
7.998000000000E-06,1.268163000000E+00,3.426000000000E-02
8.054000000000E-06,1.266657000000E+00,3.450000000000E-02
8.091000000000E-06,1.265652000000E+00,3.466000000000E-02
8.147000000000E-06,1.264125000000E+00,3.490000000000E-02
8.204000000000E-06,1.262564000000E+00,3.514000000000E-02
8.241000000000E-06,1.261488000000E+00,3.530000000000E-02
8.299000000000E-06,1.259903000000E+00,3.563000000000E-02
8.356000000000E-06,1.258240000000E+00,3.579000000000E-02
8.395000000000E-06,1.257072000000E+00,3.604000000000E-02
8.453000000000E-06,1.255384000000E+00,3.637000000000E-02
8.492000000000E-06,1.254220000000E+00,3.654000000000E-02
8.551000000000E-06,1.252405000000E+00,3.688000000000E-02
8.590000000000E-06,1.251193000000E+00,3.714000000000E-02
8.650000000000E-06,1.249353000000E+00,3.748000000000E-02
8.710000000000E-06,1.247433000000E+00,3.783000000000E-02
8.750000000000E-06,1.246095000000E+00,3.809000000000E-02
8.790000000000E-06,1.244791000000E+00,3.844000000000E-02
8.851000000000E-06,1.242789000000E+00,3.880000000000E-02
8.892000000000E-06,1.241424000000E+00,3.916000000000E-02
8.954000000000E-06,1.239322000000E+00,3.952000000000E-02
8.995000000000E-06,1.237862000000E+00,3.988000000000E-02
9.057000000000E-06,1.235657000000E+00,4.035000000000E-02
9.099000000000E-06,1.234142000000E+00,4.072000000000E-02
9.141000000000E-06,1.232659000000E+00,4.110000000000E-02
9.204000000000E-06,1.230259000000E+00,4.148000000000E-02
9.247000000000E-06,1.228589000000E+00,4.196000000000E-02
9.290000000000E-06,1.226967000000E+00,4.234000000000E-02
9.354000000000E-06,1.224439000000E+00,4.293000000000E-02
9.397000000000E-06,1.222699000000E+00,4.333000000000E-02
9.441000000000E-06,1.220909000000E+00,4.373000000000E-02
9.506000000000E-06,1.218113000000E+00,4.434000000000E-02
9.550000000000E-06,1.216115000000E+00,4.475000000000E-02
9.594000000000E-06,1.214136000000E+00,4.537000000000E-02
9.661000000000E-06,1.211068000000E+00,4.600000000000E-02
9.705000000000E-06,1.208909000000E+00,4.664000000000E-02
9.750000000000E-06,1.206729000000E+00,4.718000000000E-02
9.795000000000E-06,1.204471000000E+00,4.784000000000E-02
9.840000000000E-06,1.202228000000E+00,4.851000000000E-02
9.908000000000E-06,1.198600000000E+00,4.929000000000E-02
9.954000000000E-06,1.195932000000E+00,4.998000000000E-02
1.000000000000E-05,1.193164000000E+00,5.079000000000E-02
1.005000000000E-05,1.190334000000E+00,5.174000000000E-02
1.009000000000E-05,1.187365000000E+00,5.270000000000E-02
1.014000000000E-05,1.183900000000E+00,5.380000000000E-02
1.021000000000E-05,1.180893000000E+00,5.805000000000E-02
1.026000000000E-05,1.178360000000E+00,5.634000000000E-02
1.030000000000E-05,1.174182000000E+00,5.845000000000E-02
1.035000000000E-05,1.170827000000E+00,5.995000000000E-02
1.040000000000E-05,1.167354000000E+00,6.191000000000E-02
1.045000000000E-05,1.163960000000E+00,6.394000000000E-02
1.050000000000E-05,1.160584000000E+00,6.619000000000E-02
1.054000000000E-05,1.157248000000E+00,6.852000000000E-02
1.059000000000E-05,1.153843000000E+00,7.092000000000E-02
1.064000000000E-05,1.150368000000E+00,7.359000000000E-02
1.069000000000E-05,1.146959000000E+00,7.652000000000E-02
1.074000000000E-05,1.143601000000E+00,7.958000000000E-02
1.079000000000E-05,1.140345000000E+00,8.294000000000E-02
1.084000000000E-05,1.137372000000E+00,8.646000000000E-02
1.089000000000E-05,1.134419000000E+00,8.970000000000E-02
1.094000000000E-05,1.131445000000E+00,9.328000000000E-02
1.099000000000E-05,1.128640000000E+00,9.678000000000E-02
1.104000000000E-05,1.125466000000E+00,9.995000000000E-02
1.109000000000E-05,1.122010000000E+00,1.039000000000E-01
1.114000000000E-05,1.118841000000E+00,1.083000000000E-01
1.119000000000E-05,1.116059000000E+00,1.129000000000E-01
1.125000000000E-05,1.113289000000E+00,1.172000000000E-01
1.130000000000E-05,1.110334000000E+00,1.218000000000E-01
1.135000000000E-05,1.107674000000E+00,1.270000000000E-01
1.140000000000E-05,1.105361000000E+00,1.321000000000E-01
1.146000000000E-05,1.103057000000E+00,1.370000000000E-01
1.151000000000E-05,1.100705000000E+00,1.422000000000E-01
1.156000000000E-05,1.097503000000E+00,1.472000000000E-01
1.159000000000E-05,1.096584000000E+00,1.520000000000E-01
1.164000000000E-05,1.096068000000E+00,1.570000000000E-01
1.169000000000E-05,1.094339000000E+00,1.621000000000E-01
1.175000000000E-05,1.092339000000E+00,1.678000000000E-01
1.180000000000E-05,1.090622000000E+00,1.741000000000E-01
1.186000000000E-05,1.089062000000E+00,1.802000000000E-01
1.191000000000E-05,1.086474000000E+00,1.865000000000E-01
1.194000000000E-05,1.086163000000E+00,1.927000000000E-01
1.199000000000E-05,1.087480000000E+00,1.990000000000E-01
1.205000000000E-05,1.087926000000E+00,2.055000000000E-01
1.211000000000E-05,1.087993000000E+00,2.112000000000E-01
1.216000000000E-05,1.086723000000E+00,2.177000000000E-01
1.219000000000E-05,1.087212000000E+00,2.238000000000E-01
1.225000000000E-05,1.089721000000E+00,2.295000000000E-01
1.230000000000E-05,1.090913000000E+00,2.359000000000E-01
1.236000000000E-05,1.091270000000E+00,2.420000000000E-01
1.239000000000E-05,1.092375000000E+00,2.476000000000E-01
1.245000000000E-05,1.095643000000E+00,2.528000000000E-01
1.250000000000E-05,1.098011000000E+00,2.593000000000E-01
1.256000000000E-05,1.099603000000E+00,2.641000000000E-01
1.259000000000E-05,1.100816000000E+00,2.690000000000E-01
1.265000000000E-05,1.104624000000E+00,2.740000000000E-01
1.271000000000E-05,1.107403000000E+00,2.791000000000E-01
1.276000000000E-05,1.108999000000E+00,2.837000000000E-01
1.279000000000E-05,1.110319000000E+00,2.883000000000E-01
1.285000000000E-05,1.114243000000E+00,2.929000000000E-01
1.291000000000E-05,1.116753000000E+00,2.977000000000E-01
1.294000000000E-05,1.118262000000E+00,3.012000000000E-01
1.300000000000E-05,1.122067000000E+00,3.060000000000E-01
1.306000000000E-05,1.124841000000E+00,3.103000000000E-01
1.309000000000E-05,1.126485000000E+00,3.139000000000E-01
1.315000000000E-05,1.130583000000E+00,3.183000000000E-01
1.321000000000E-05,1.133825000000E+00,3.227000000000E-01
1.324000000000E-05,1.135773000000E+00,3.257000000000E-01
1.330000000000E-05,1.139515000000E+00,3.295000000000E-01
1.334000000000E-05,1.141428000000E+00,3.325000000000E-01
1.340000000000E-05,1.145850000000E+00,3.363000000000E-01
1.346000000000E-05,1.149628000000E+00,3.402000000000E-01
1.349000000000E-05,1.151643000000E+00,3.426000000000E-01
1.355000000000E-05,1.156338000000E+00,3.466000000000E-01
1.361000000000E-05,1.160150000000E+00,3.490000000000E-01
1.365000000000E-05,1.161869000000E+00,3.514000000000E-01
1.371000000000E-05,1.165763000000E+00,3.546000000000E-01
1.374000000000E-05,1.167947000000E+00,3.571000000000E-01
1.380000000000E-05,1.172049000000E+00,3.596000000000E-01
1.384000000000E-05,1.174089000000E+00,3.621000000000E-01
1.390000000000E-05,1.178513000000E+00,3.646000000000E-01
1.396000000000E-05,1.182458000000E+00,3.680000000000E-01
1.400000000000E-05,1.184740000000E+00,3.696000000000E-01
1.406000000000E-05,1.189086000000E+00,3.722000000000E-01
1.409000000000E-05,1.191399000000E+00,3.739000000000E-01
1.416000000000E-05,1.195603000000E+00,3.757000000000E-01
1.419000000000E-05,1.197623000000E+00,3.774000000000E-01
1.426000000000E-05,1.201594000000E+00,3.791000000000E-01
1.429000000000E-05,1.203552000000E+00,3.809000000000E-01
1.435000000000E-05,1.207465000000E+00,3.826000000000E-01
1.439000000000E-05,1.209428000000E+00,3.844000000000E-01
1.445000000000E-05,1.213645000000E+00,3.862000000000E-01
1.449000000000E-05,1.215328000000E+00,3.871000000000E-01
1.455000000000E-05,1.218762000000E+00,3.898000000000E-01
1.459000000000E-05,1.220973000000E+00,3.916000000000E-01
1.466000000000E-05,1.225566000000E+00,3.934000000000E-01
1.469000000000E-05,1.227627000000E+00,3.943000000000E-01
1.476000000000E-05,1.231631000000E+00,3.961000000000E-01
1.479000000000E-05,1.233597000000E+00,3.970000000000E-01
1.486000000000E-05,1.237500000000E+00,3.988000000000E-01
1.489000000000E-05,1.239445000000E+00,3.998000000000E-01
1.496000000000E-05,1.243348000000E+00,4.016000000000E-01
1.500000000000E-05,1.245318000000E+00,4.025000000000E-01
1.507000000000E-05,1.249380000000E+00,4.044000000000E-01
1.510000000000E-05,1.251704000000E+00,4.053000000000E-01
1.514000000000E-05,1.253631000000E+00,4.053000000000E-01
1.521000000000E-05,1.256977000000E+00,4.072000000000E-01
1.524000000000E-05,1.258880000000E+00,4.081000000000E-01
1.531000000000E-05,1.263173000000E+00,4.100000000000E-01
1.535000000000E-05,1.265082000000E+00,4.100000000000E-01
1.542000000000E-05,1.268440000000E+00,4.119000000000E-01
1.545000000000E-05,1.270391000000E+00,4.128000000000E-01
1.549000000000E-05,1.272559000000E+00,4.138000000000E-01
1.556000000000E-05,1.276473000000E+00,4.148000000000E-01
1.560000000000E-05,1.278233000000E+00,4.157000000000E-01
1.567000000000E-05,1.282639000000E+00,4.176000000000E-01
1.570000000000E-05,1.284709000000E+00,4.176000000000E-01
1.574000000000E-05,1.286576000000E+00,4.186000000000E-01
1.581000000000E-05,1.290576000000E+00,4.196000000000E-01
1.585000000000E-05,1.292723000000E+00,4.205000000000E-01
1.589000000000E-05,1.294706000000E+00,4.205000000000E-01
1.596000000000E-05,1.298872000000E+00,4.225000000000E-01
1.600000000000E-05,1.301310000000E+00,4.225000000000E-01
1.603000000000E-05,1.303145000000E+00,4.225000000000E-01
1.611000000000E-05,1.306556000000E+00,4.234000000000E-01
1.614000000000E-05,1.308540000000E+00,4.244000000000E-01
1.622000000000E-05,1.313112000000E+00,4.254000000000E-01
1.626000000000E-05,1.315327000000E+00,4.254000000000E-01
1.629000000000E-05,1.317122000000E+00,4.254000000000E-01
1.637000000000E-05,1.320901000000E+00,4.264000000000E-01
1.641000000000E-05,1.322675000000E+00,4.264000000000E-01
1.644000000000E-05,1.324631000000E+00,4.274000000000E-01
1.648000000000E-05,1.326773000000E+00,4.274000000000E-01
1.656000000000E-05,1.330870000000E+00,4.283000000000E-01
1.660000000000E-05,1.333056000000E+00,4.283000000000E-01
1.663000000000E-05,1.334869000000E+00,4.283000000000E-01
1.671000000000E-05,1.338869000000E+00,4.293000000000E-01
1.675000000000E-05,1.341074000000E+00,4.293000000000E-01
1.679000000000E-05,1.342949000000E+00,4.293000000000E-01
1.687000000000E-05,1.347481000000E+00,4.303000000000E-01
1.690000000000E-05,1.349696000000E+00,4.293000000000E-01
1.694000000000E-05,1.351233000000E+00,4.293000000000E-01
1.698000000000E-05,1.352834000000E+00,4.293000000000E-01
1.706000000000E-05,1.356772000000E+00,4.303000000000E-01
1.710000000000E-05,1.359301000000E+00,4.303000000000E-01
1.714000000000E-05,1.361083000000E+00,4.293000000000E-01
1.722000000000E-05,1.364655000000E+00,4.303000000000E-01
1.726000000000E-05,1.367219000000E+00,4.303000000000E-01
1.730000000000E-05,1.369211000000E+00,4.293000000000E-01
1.734000000000E-05,1.370751000000E+00,4.293000000000E-01
1.742000000000E-05,1.374519000000E+00,4.293000000000E-01
1.746000000000E-05,1.376758000000E+00,4.293000000000E-01
1.750000000000E-05,1.378598000000E+00,4.283000000000E-01
1.754000000000E-05,1.380029000000E+00,4.283000000000E-01
1.762000000000E-05,1.383660000000E+00,4.283000000000E-01
1.766000000000E-05,1.385875000000E+00,4.283000000000E-01
1.770000000000E-05,1.387734000000E+00,4.274000000000E-01
1.774000000000E-05,1.389417000000E+00,4.274000000000E-01
1.778000000000E-05,1.390838000000E+00,4.264000000000E-01
1.786000000000E-05,1.394313000000E+00,4.274000000000E-01
1.791000000000E-05,1.396377000000E+00,4.264000000000E-01
1.795000000000E-05,1.398169000000E+00,4.264000000000E-01
1.799000000000E-05,1.399826000000E+00,4.254000000000E-01
1.803000000000E-05,1.401123000000E+00,4.254000000000E-01
1.811000000000E-05,1.404604000000E+00,4.254000000000E-01
1.816000000000E-05,1.406786000000E+00,4.254000000000E-01
1.820000000000E-05,1.408657000000E+00,4.244000000000E-01
1.824000000000E-05,1.410419000000E+00,4.244000000000E-01
1.828000000000E-05,1.412092000000E+00,4.234000000000E-01
1.837000000000E-05,1.415276000000E+00,4.234000000000E-01
1.841000000000E-05,1.417548000000E+00,4.234000000000E-01
1.845000000000E-05,1.419809000000E+00,4.225000000000E-01
1.849000000000E-05,1.421557000000E+00,4.215000000000E-01
1.854000000000E-05,1.422820000000E+00,4.205000000000E-01
1.862000000000E-05,1.426178000000E+00,4.205000000000E-01
1.866000000000E-05,1.428308000000E+00,4.196000000000E-01
1.871000000000E-05,1.429982000000E+00,4.186000000000E-01
1.875000000000E-05,1.431240000000E+00,4.176000000000E-01
1.879000000000E-05,1.432797000000E+00,4.176000000000E-01
1.884000000000E-05,1.434643000000E+00,4.167000000000E-01
1.888000000000E-05,1.435881000000E+00,4.157000000000E-01
1.897000000000E-05,1.439563000000E+00,4.157000000000E-01
1.901000000000E-05,1.441618000000E+00,4.138000000000E-01
1.905000000000E-05,1.442846000000E+00,4.128000000000E-01
1.910000000000E-05,1.444197000000E+00,4.119000000000E-01
1.914000000000E-05,1.445486000000E+00,4.110000000000E-01
1.919000000000E-05,1.446666000000E+00,4.100000000000E-01
1.923000000000E-05,1.447502000000E+00,4.091000000000E-01
1.932000000000E-05,1.450255000000E+00,4.091000000000E-01
1.936000000000E-05,1.452188000000E+00,4.081000000000E-01
1.941000000000E-05,1.453825000000E+00,4.072000000000E-01
1.945000000000E-05,1.455604000000E+00,4.062000000000E-01
1.950000000000E-05,1.456898000000E+00,4.044000000000E-01
1.954000000000E-05,1.457713000000E+00,4.035000000000E-01
1.959000000000E-05,1.458719000000E+00,4.025000000000E-01
1.963000000000E-05,1.459690000000E+00,4.016000000000E-01
1.968000000000E-05,1.460391000000E+00,4.007000000000E-01
1.977000000000E-05,1.463349000000E+00,4.007000000000E-01
1.982000000000E-05,1.465400000000E+00,3.988000000000E-01
1.986000000000E-05,1.466543000000E+00,3.970000000000E-01
1.991000000000E-05,1.467000000000E+00,3.952000000000E-01
1.995000000000E-05,1.467249000000E+00,3.943000000000E-01
2.000000000000E-05,1.467642000000E+00,3.934000000000E-01
2.099000000000E-05,1.483693000000E+00,3.818000000000E-01
2.198000000000E-05,1.499422000000E+00,3.722000000000E-01
2.301000000000E-05,1.516402000000E+00,3.629000000000E-01
2.399000000000E-05,1.529309000000E+00,3.482000000000E-01
2.500000000000E-05,1.537967000000E+00,3.356000000000E-01
2.600000000000E-05,1.544080000000E+00,3.227000000000E-01
2.698000000000E-05,1.546670000000E+00,3.103000000000E-01
2.799000000000E-05,1.546272000000E+00,2.991000000000E-01
2.897000000000E-05,1.542658000000E+00,2.889000000000E-01
2.999000000000E-05,1.535500000000E+00,2.817000000000E-01
3.097000000000E-05,1.527225000000E+00,2.791000000000E-01
3.199000000000E-05,1.519076000000E+00,2.798000000000E-01
3.304000000000E-05,1.511879000000E+00,2.830000000000E-01
3.396000000000E-05,1.505906000000E+00,2.863000000000E-01
3.499000000000E-05,1.498932000000E+00,2.916000000000E-01
3.597000000000E-05,1.492960000000E+00,2.991000000000E-01
3.698000000000E-05,1.486740000000E+00,3.068000000000E-01
3.802000000000E-05,1.481006000000E+00,3.190000000000E-01
3.899000000000E-05,1.478232000000E+00,3.317000000000E-01
3.999000000000E-05,1.476571000000E+00,3.442000000000E-01
4.102000000000E-05,1.475642000000E+00,3.587000000000E-01
4.198000000000E-05,1.477194000000E+00,3.739000000000E-01
4.295000000000E-05,1.480747000000E+00,3.880000000000E-01
4.395000000000E-05,1.485266000000E+00,4.025000000000E-01
4.498000000000E-05,1.491543000000E+00,4.176000000000E-01
4.603000000000E-05,1.499424000000E+00,4.323000000000E-01
4.699000000000E-05,1.508821000000E+00,4.465000000000E-01
4.797000000000E-05,1.520272000000E+00,4.579000000000E-01
4.898000000000E-05,1.531473000000E+00,4.675000000000E-01
5.000000000000E-05,1.542270000000E+00,4.773000000000E-01
5.200000000000E-05,1.567492000000E+00,4.975000000000E-01
5.395000000000E-05,1.594131000000E+00,5.079000000000E-01
5.598000000000E-05,1.619157000000E+00,5.162000000000E-01
5.794000000000E-05,1.643739000000E+00,5.233000000000E-01
5.998000000000E-05,1.669053000000E+00,5.258000000000E-01
6.194000000000E-05,1.690223000000E+00,5.246000000000E-01
6.397000000000E-05,1.709762000000E+00,5.246000000000E-01
6.607000000000E-05,1.729441000000E+00,5.233000000000E-01
6.808000000000E-05,1.747333000000E+00,5.209000000000E-01
6.998000000000E-05,1.762824000000E+00,5.174000000000E-01
7.194000000000E-05,1.777162000000E+00,5.138000000000E-01
7.396000000000E-05,1.790800000000E+00,5.103000000000E-01
7.603000000000E-05,1.805539000000E+00,5.079000000000E-01
7.798000000000E-05,1.819110000000E+00,5.021000000000E-01
7.998000000000E-05,1.830882000000E+00,4.964000000000E-01
8.204000000000E-05,1.842330000000E+00,4.907000000000E-01
8.395000000000E-05,1.851943000000E+00,4.839000000000E-01
8.590000000000E-05,1.859854000000E+00,4.773000000000E-01
8.790000000000E-05,1.867327000000E+00,4.718000000000E-01
8.995000000000E-05,1.874242000000E+00,4.654000000000E-01
9.204000000000E-05,1.880545000000E+00,4.600000000000E-01
9.397000000000E-05,1.886330000000E+00,4.548000000000E-01
9.594000000000E-05,1.891384000000E+00,4.485000000000E-01
9.795000000000E-05,1.895435000000E+00,4.434000000000E-01
1.000000000000E-04,1.899131000000E+00,4.383000000000E-01
1.099000000000E-04,1.907505000000E+00,4.176000000000E-01
1.199000000000E-04,1.911671000000E+00,4.167000000000E-01
1.300000000000E-04,1.919973000000E+00,4.186000000000E-01
1.400000000000E-04,1.927412000000E+00,4.205000000000E-01
1.500000000000E-04,1.934154000000E+00,4.264000000000E-01
1.600000000000E-04,1.941655000000E+00,4.333000000000E-01
1.698000000000E-04,1.948419000000E+00,4.403000000000E-01
1.799000000000E-04,1.955736000000E+00,4.506000000000E-01
1.901000000000E-04,1.965156000000E+00,4.611000000000E-01
2.000000000000E-04,1.974559000000E+00,4.697000000000E-01
2.099000000000E-04,1.983438000000E+00,4.784000000000E-01
2.198000000000E-04,1.992287000000E+00,4.873000000000E-01
2.301000000000E-04,2.001418000000E+00,4.964000000000E-01
2.399000000000E-04,2.010446000000E+00,5.056000000000E-01
2.500000000000E-04,2.020318000000E+00,5.138000000000E-01
2.600000000000E-04,2.029224000000E+00,5.209000000000E-01
2.698000000000E-04,2.037243000000E+00,5.282000000000E-01
2.799000000000E-04,2.045135000000E+00,5.355000000000E-01
2.897000000000E-04,2.052476000000E+00,5.430000000000E-01
2.999000000000E-04,2.059773000000E+00,5.505000000000E-01
3.199000000000E-04,2.073976000000E+00,5.660000000000E-01
3.396000000000E-04,2.086956000000E+00,5.805000000000E-01
3.597000000000E-04,2.099543000000E+00,5.967000000000E-01
3.802000000000E-04,2.112811000000E+00,6.135000000000E-01
3.999000000000E-04,2.125742000000E+00,6.292000000000E-01
4.198000000000E-04,2.139507000000E+00,6.453000000000E-01
4.395000000000E-04,2.153213000000E+00,6.589000000000E-01
4.603000000000E-04,2.166254000000E+00,6.727000000000E-01
4.797000000000E-04,2.177335000000E+00,6.852000000000E-01
5.000000000000E-04,2.188736000000E+00,6.995000000000E-01
5.200000000000E-04,2.200349000000E+00,7.125000000000E-01
5.395000000000E-04,2.210869000000E+00,7.241000000000E-01
5.598000000000E-04,2.220374000000E+00,7.359000000000E-01
5.794000000000E-04,2.228339000000E+00,7.478000000000E-01
5.998000000000E-04,2.236685000000E+00,7.617000000000E-01
6.501000000000E-04,2.254575000000E+00,7.921000000000E-01
6.998000000000E-04,2.270109000000E+00,8.314000000000E-01
7.499000000000E-04,2.290196000000E+00,8.725000000000E-01
7.998000000000E-04,2.312599000000E+00,9.116000000000E-01
8.492000000000E-04,2.337241000000E+00,9.501000000000E-01
8.995000000000E-04,2.363856000000E+00,9.835000000000E-01
9.506000000000E-04,2.385313000000E+00,1.011000000000E+00
1.000000000000E-03,2.399111000000E+00,1.042000000000E+00
1.100000000000E-03,2.436760000000E+00,1.120000000000E+00
1.200000000000E-03,2.481153000000E+00,1.191000000000E+00
1.300000000000E-03,2.527536000000E+00,1.261000000000E+00
1.400000000000E-03,2.577344000000E+00,1.330000000000E+00
1.500000000000E-03,2.629097000000E+00,1.393000000000E+00
1.600000000000E-03,2.679108000000E+00,1.452000000000E+00
1.700000000000E-03,2.729264000000E+00,1.511000000000E+00
1.800000000000E-03,2.781861000000E+00,1.567000000000E+00
1.900000000000E-03,2.831974000000E+00,1.617000000000E+00
2.000000000000E-03,2.881863000000E+00,1.670000000000E+00
2.100000000000E-03,2.933900000000E+00,1.718000000000E+00
2.200000000000E-03,2.983258000000E+00,1.763000000000E+00
2.300000000000E-03,3.032401000000E+00,1.809000000000E+00
2.400000000000E-03,3.084049000000E+00,1.853000000000E+00
2.500000000000E-03,3.133464000000E+00,1.891000000000E+00
2.600000000000E-03,3.179887000000E+00,1.931000000000E+00
2.700000000000E-03,3.228984000000E+00,1.973000000000E+00
2.800000000000E-03,3.279470000000E+00,2.009000000000E+00
2.900000000000E-03,3.326631000000E+00,2.043000000000E+00
3.000000000000E-03,3.374610000000E+00,2.079000000000E+00
3.100000000000E-03,3.422465000000E+00,2.110000000000E+00
3.200000000000E-03,3.468221000000E+00,2.142000000000E+00
3.300000000000E-03,3.516889000000E+00,2.174000000000E+00
3.400000000000E-03,3.563346000000E+00,2.199000000000E+00
3.500000000000E-03,3.607096000000E+00,2.228000000000E+00
3.600000000000E-03,3.650102000000E+00,2.255000000000E+00
3.700000000000E-03,3.695213000000E+00,2.286000000000E+00
3.800000000000E-03,3.741930000000E+00,2.310000000000E+00
3.900000000000E-03,3.785136000000E+00,2.333000000000E+00
4.000000000000E-03,3.829496000000E+00,2.360000000000E+00
4.100000000000E-03,3.873564000000E+00,2.380000000000E+00
4.200000000000E-03,3.917021000000E+00,2.404000000000E+00
4.300000000000E-03,3.960586000000E+00,2.423000000000E+00
4.400000000000E-03,4.003601000000E+00,2.445000000000E+00
4.500000000000E-03,4.045111000000E+00,2.460000000000E+00
4.600000000000E-03,4.084851000000E+00,2.481000000000E+00
4.700000000000E-03,4.125763000000E+00,2.500000000000E+00
4.800000000000E-03,4.166540000000E+00,2.518000000000E+00
4.900000000000E-03,4.207585000000E+00,2.535000000000E+00
5.000000000000E-03,4.248425000000E+00,2.551000000000E+00
5.100000000000E-03,4.288766000000E+00,2.567000000000E+00
5.200000000000E-03,4.328263000000E+00,2.581000000000E+00
5.300000000000E-03,4.367201000000E+00,2.595000000000E+00
5.400000000000E-03,4.403706000000E+00,2.607000000000E+00
5.500000000000E-03,4.442443000000E+00,2.625000000000E+00
5.600000000000E-03,4.482558000000E+00,2.636000000000E+00
5.700000000000E-03,4.518750000000E+00,2.647000000000E+00
5.800000000000E-03,4.555811000000E+00,2.662000000000E+00
5.901000000000E-03,4.593558000000E+00,2.671000000000E+00
6.001000000000E-03,4.631138000000E+00,2.685000000000E+00
6.100000000000E-03,4.667698000000E+00,2.692000000000E+00
6.200000000000E-03,4.704528000000E+00,2.705000000000E+00
6.299000000000E-03,4.740422000000E+00,2.711000000000E+00
6.400000000000E-03,4.776470000000E+00,2.723000000000E+00
6.500000000000E-03,4.811400000000E+00,2.727000000000E+00
6.599000000000E-03,4.844068000000E+00,2.737000000000E+00
6.700000000000E-03,4.881015000000E+00,2.747000000000E+00
6.800000000000E-03,4.915201000000E+00,2.750000000000E+00
6.899000000000E-03,4.946351000000E+00,2.758000000000E+00
7.000000000000E-03,4.979800000000E+00,2.766000000000E+00
7.101000000000E-03,5.013994000000E+00,2.774000000000E+00
7.199000000000E-03,5.047771000000E+00,2.780000000000E+00
7.300000000000E-03,5.083439000000E+00,2.787000000000E+00
7.399000000000E-03,5.116001000000E+00,2.786000000000E+00
7.501000000000E-03,5.146161000000E+00,2.792000000000E+00
7.600000000000E-03,5.177179000000E+00,2.796000000000E+00
7.700000000000E-03,5.209531000000E+00,2.801000000000E+00
7.800000000000E-03,5.241539000000E+00,2.805000000000E+00
7.900000000000E-03,5.273172000000E+00,2.808000000000E+00
8.000000000000E-03,5.304929000000E+00,2.811000000000E+00
8.100000000000E-03,5.336323000000E+00,2.814000000000E+00
8.200000000000E-03,5.367389000000E+00,2.816000000000E+00
8.300000000000E-03,5.398286000000E+00,2.824000000000E+00
8.400000000000E-03,5.428878000000E+00,2.825000000000E+00
8.500000000000E-03,5.459208000000E+00,2.826000000000E+00
8.600000000000E-03,5.489262000000E+00,2.827000000000E+00
8.700000000000E-03,5.519027000000E+00,2.827000000000E+00
8.800000000000E-03,5.548489000000E+00,2.833000000000E+00
8.900000000000E-03,5.577699000000E+00,2.833000000000E+00
9.000000000000E-03,5.606586000000E+00,2.832000000000E+00
9.100000000000E-03,5.635201000000E+00,2.830000000000E+00
9.200000000000E-03,5.663535000000E+00,2.835000000000E+00
9.300000000000E-03,5.691521000000E+00,2.833000000000E+00
9.400000000000E-03,5.719272000000E+00,2.831000000000E+00
9.500000000000E-03,5.746661000000E+00,2.835000000000E+00
9.600000000000E-03,5.773802000000E+00,2.832000000000E+00
9.700000000000E-03,5.800631000000E+00,2.835000000000E+00
9.800000000000E-03,5.827179000000E+00,2.831000000000E+00
9.900000000000E-03,5.853423000000E+00,2.828000000000E+00
1.000000000000E-02,5.879378000000E+00,2.830000000000E+00
1.100000000000E-02,6.131865000000E+00,2.807000000000E+00
1.200000000000E-02,6.346035000000E+00,2.773000000000E+00
1.300000000000E-02,6.538143000000E+00,2.733000000000E+00
1.400000000000E-02,6.711149000000E+00,2.685000000000E+00
1.500000000000E-02,6.867192000000E+00,2.630000000000E+00
1.600000000000E-02,7.007965000000E+00,2.576000000000E+00
1.700000000000E-02,7.135674000000E+00,2.519000000000E+00
1.800000000000E-02,7.252419000000E+00,2.461000000000E+00
1.900000000000E-02,7.358822000000E+00,2.397000000000E+00
2.000000000000E-02,7.455943000000E+00,2.338000000000E+00
2.100000000000E-02,7.544423000000E+00,2.280000000000E+00
2.200000000000E-02,7.625553000000E+00,2.224000000000E+00
2.300000000000E-02,7.701126000000E+00,2.170000000000E+00
2.400000000000E-02,7.768902000000E+00,2.113000000000E+00
2.500000000000E-02,7.831158000000E+00,2.064000000000E+00
2.600000000000E-02,7.889643000000E+00,2.011000000000E+00
2.700000000000E-02,7.941322000000E+00,1.961000000000E+00
2.800000000000E-02,7.989355000000E+00,1.914000000000E+00
2.900000000000E-02,8.033791000000E+00,1.868000000000E+00
3.000000000000E-02,8.074469000000E+00,1.824000000000E+00
3.100000000000E-02,8.112180000000E+00,1.781000000000E+00
3.200000000000E-02,8.147128000000E+00,1.741000000000E+00
3.300000000000E-02,8.179843000000E+00,1.701000000000E+00
3.400000000000E-02,8.209818000000E+00,1.663000000000E+00
3.500000000000E-02,8.238281000000E+00,1.627000000000E+00
3.600000000000E-02,8.264599000000E+00,1.591000000000E+00
3.700000000000E-02,8.288448000000E+00,1.557000000000E+00
3.800000000000E-02,8.311297000000E+00,1.525000000000E+00
3.900000000000E-02,8.332788000000E+00,1.493000000000E+00
4.000000000000E-02,8.352700000000E+00,1.463000000000E+00
4.100000000000E-02,8.371979000000E+00,1.434000000000E+00
4.200000000000E-02,8.389151000000E+00,1.405000000000E+00
4.300000000000E-02,8.405156000000E+00,1.378000000000E+00
4.400000000000E-02,8.420858000000E+00,1.352000000000E+00
4.500000000000E-02,8.435660000000E+00,1.327000000000E+00
4.600000000000E-02,8.449912000000E+00,1.302000000000E+00
4.700000000000E-02,8.462521000000E+00,1.278000000000E+00
4.800000000000E-02,8.474673000000E+00,1.256000000000E+00
4.900000000000E-02,8.486470000000E+00,1.233000000000E+00
5.000000000000E-02,8.497290000000E+00,1.212000000000E+00
5.100000000000E-02,8.507814000000E+00,1.191000000000E+00
5.200000000000E-02,8.517490000000E+00,1.171000000000E+00
5.300000000000E-02,8.526995000000E+00,1.152000000000E+00
5.400000000000E-02,8.535947000000E+00,1.133000000000E+00
5.500000000000E-02,8.545560000000E+00,1.115000000000E+00
5.600000000000E-02,8.554652000000E+00,1.097000000000E+00
5.700000000000E-02,8.563363000000E+00,1.080000000000E+00
5.800000000000E-02,8.571605000000E+00,1.063000000000E+00
5.901000000000E-02,8.579613000000E+00,1.047000000000E+00
6.001000000000E-02,8.587191000000E+00,1.031000000000E+00
6.100000000000E-02,8.594362000000E+00,1.016000000000E+00
6.200000000000E-02,8.601342000000E+00,1.001000000000E+00
6.299000000000E-02,8.607948000000E+00,9.867000000000E-01
6.400000000000E-02,8.614382000000E+00,9.727000000000E-01
6.500000000000E-02,8.620473000000E+00,9.589000000000E-01
6.599000000000E-02,8.626323000000E+00,9.456000000000E-01
6.700000000000E-02,8.632030000000E+00,9.328000000000E-01
6.800000000000E-02,8.637431000000E+00,9.202000000000E-01
6.899000000000E-02,8.642623000000E+00,9.078000000000E-01
7.000000000000E-02,8.647693000000E+00,8.960000000000E-01
7.101000000000E-02,8.652568000000E+00,8.845000000000E-01
7.199000000000E-02,8.657181000000E+00,8.728000000000E-01
7.300000000000E-02,8.661691000000E+00,8.618000000000E-01
7.399000000000E-02,8.666029000000E+00,8.509000000000E-01
7.501000000000E-02,8.670273000000E+00,8.406000000000E-01
7.600000000000E-02,8.674287000000E+00,8.302000000000E-01
7.700000000000E-02,8.678217000000E+00,8.201000000000E-01
7.800000000000E-02,8.681999000000E+00,8.104000000000E-01
7.900000000000E-02,8.685638000000E+00,8.007000000000E-01
8.000000000000E-02,8.689204000000E+00,7.914000000000E-01
8.100000000000E-02,8.692637000000E+00,7.822000000000E-01
8.200000000000E-02,8.695941000000E+00,7.733000000000E-01
8.300000000000E-02,8.699181000000E+00,7.645000000000E-01
8.400000000000E-02,8.702404000000E+00,7.560000000000E-01
8.500000000000E-02,8.705507000000E+00,7.476000000000E-01
8.600000000000E-02,8.708553000000E+00,7.394000000000E-01
8.700000000000E-02,8.711486000000E+00,7.314000000000E-01
8.800000000000E-02,8.714366000000E+00,7.236000000000E-01
8.900000000000E-02,8.717139000000E+00,7.159000000000E-01
8.999000000000E-02,8.719808000000E+00,7.083000000000E-01
9.099000000000E-02,8.722432000000E+00,7.009000000000E-01
9.200000000000E-02,8.725011000000E+00,6.938000000000E-01
9.300000000000E-02,8.727494000000E+00,6.867000000000E-01
9.399000000000E-02,8.729884000000E+00,6.798000000000E-01
9.499000000000E-02,8.732236000000E+00,6.730000000000E-01
9.601000000000E-02,8.734549000000E+00,6.663000000000E-01
9.701000000000E-02,8.736776000000E+00,6.598000000000E-01
9.799000000000E-02,8.738919000000E+00,6.534000000000E-01
9.899000000000E-02,8.741029000000E+00,6.471000000000E-01
1.000000000000E-01,8.743107000000E+00,6.409000000000E-01
1.099000000000E-01,8.761392000000E+00,5.845000000000E-01
1.199000000000E-01,8.776133000000E+00,5.380000000000E-01
1.300000000000E-01,8.788091000000E+00,4.983000000000E-01
1.400000000000E-01,8.797836000000E+00,4.636000000000E-01
1.500000000000E-01,8.804337000000E+00,4.337000000000E-01
1.600000000000E-01,8.809677000000E+00,4.073000000000E-01
1.698000000000E-01,8.814082000000E+00,3.837000000000E-01
1.799000000000E-01,8.817867000000E+00,3.630000000000E-01
1.901000000000E-01,8.821129000000E+00,3.448000000000E-01
2.000000000000E-01,8.823834000000E+00,3.277000000000E-01
2.099000000000E-01,8.826184000000E+00,3.123000000000E-01
2.198000000000E-01,8.828230000000E+00,2.983000000000E-01
2.301000000000E-01,8.830103000000E+00,2.860000000000E-01
2.399000000000E-01,8.831656000000E+00,2.741000000000E-01
2.500000000000E-01,8.833091000000E+00,2.634000000000E-01
2.600000000000E-01,8.834348000000E+00,2.535000000000E-01
2.698000000000E-01,8.835449000000E+00,2.441000000000E-01
2.799000000000E-01,8.836475000000E+00,2.356000000000E-01
2.897000000000E-01,8.837375000000E+00,2.274000000000E-01
2.999000000000E-01,8.838141000000E+00,2.202000000000E-01
3.097000000000E-01,8.838809000000E+00,2.132000000000E-01
3.199000000000E-01,8.839434000000E+00,2.064000000000E-01
3.304000000000E-01,8.840020000000E+00,2.008000000000E-01
3.396000000000E-01,8.840491000000E+00,1.944000000000E-01
3.499000000000E-01,8.840974000000E+00,1.891000000000E-01
3.597000000000E-01,8.841394000000E+00,1.840000000000E-01
3.698000000000E-01,8.841790000000E+00,1.790000000000E-01
3.802000000000E-01,8.842166000000E+00,1.745000000000E-01
3.899000000000E-01,8.842491000000E+00,1.701000000000E-01
3.999000000000E-01,8.842801000000E+00,1.659000000000E-01
4.102000000000E-01,8.843095000000E+00,1.621000000000E-01
4.198000000000E-01,8.843349000000E+00,1.580000000000E-01
4.295000000000E-01,8.843591000000E+00,1.545000000000E-01
4.395000000000E-01,8.843823000000E+00,1.509000000000E-01
4.498000000000E-01,8.844044000000E+00,1.478000000000E-01
4.603000000000E-01,8.844254000000E+00,1.448000000000E-01
4.699000000000E-01,8.844436000000E+00,1.415000000000E-01
4.797000000000E-01,8.844609000000E+00,1.386000000000E-01
4.898000000000E-01,8.844776000000E+00,1.358000000000E-01
5.000000000000E-01,8.844936000000E+00,1.333000000000E-01
5.105000000000E-01,8.845089000000E+00,1.309000000000E-01
5.200000000000E-01,8.845220000000E+00,1.282000000000E-01
5.297000000000E-01,8.845345000000E+00,1.258000000000E-01
5.395000000000E-01,8.845467000000E+00,1.233000000000E-01
5.495000000000E-01,8.845583000000E+00,1.213000000000E-01
5.598000000000E-01,8.845696000000E+00,1.191000000000E-01
5.702000000000E-01,8.845804000000E+00,1.172000000000E-01
5.794000000000E-01,8.845896000000E+00,1.150000000000E-01
5.902000000000E-01,8.845997000000E+00,1.132000000000E-01
5.998000000000E-01,8.846082000000E+00,1.114000000000E-01
6.095000000000E-01,8.846164000000E+00,1.093000000000E-01
6.194000000000E-01,8.846244000000E+00,1.076000000000E-01
6.295000000000E-01,8.846321000000E+00,1.061000000000E-01
6.397000000000E-01,8.846396000000E+00,1.044000000000E-01
6.501000000000E-01,8.846468000000E+00,1.030000000000E-01
6.607000000000E-01,8.846538000000E+00,1.013000000000E-01
6.699000000000E-01,8.846596000000E+00,9.995000000000E-02
6.808000000000E-01,8.846662000000E+00,9.858000000000E-02
6.902000000000E-01,8.846716000000E+00,9.700000000000E-02
6.998000000000E-01,8.846769000000E+00,9.567000000000E-02
7.096000000000E-01,8.846821000000E+00,9.436000000000E-02
7.194000000000E-01,8.846871000000E+00,9.285000000000E-02
7.295000000000E-01,8.846920000000E+00,9.179000000000E-02
7.396000000000E-01,8.846967000000E+00,9.053000000000E-02
7.499000000000E-01,8.847013000000E+00,8.929000000000E-02
7.603000000000E-01,8.847058000000E+00,8.827000000000E-02
7.691000000000E-01,8.847094000000E+00,8.705000000000E-02
7.798000000000E-01,8.847137000000E+00,8.586000000000E-02
7.907000000000E-01,8.847178000000E+00,8.488000000000E-02
7.998000000000E-01,8.847212000000E+00,8.391000000000E-02
8.091000000000E-01,8.847244000000E+00,8.275000000000E-02
8.204000000000E-01,8.847283000000E+00,8.181000000000E-02
8.299000000000E-01,8.847314000000E+00,8.087000000000E-02
8.395000000000E-01,8.847344000000E+00,7.976000000000E-02
8.492000000000E-01,8.847374000000E+00,7.885000000000E-02
8.590000000000E-01,8.847403000000E+00,7.795000000000E-02
8.710000000000E-01,8.847437000000E+00,7.723000000000E-02
8.790000000000E-01,8.847459000000E+00,7.617000000000E-02
8.892000000000E-01,8.847485000000E+00,7.547000000000E-02
8.995000000000E-01,8.847512000000E+00,7.461000000000E-02
9.099000000000E-01,8.847537000000E+00,7.375000000000E-02
9.204000000000E-01,8.847563000000E+00,7.308000000000E-02
9.290000000000E-01,8.847582000000E+00,7.224000000000E-02
9.397000000000E-01,8.847606000000E+00,7.142000000000E-02
9.506000000000E-01,8.847630000000E+00,7.076000000000E-02
9.594000000000E-01,8.847648000000E+00,6.995000000000E-02
9.705000000000E-01,8.847671000000E+00,6.931000000000E-02
9.795000000000E-01,8.847688000000E+00,6.852000000000E-02
9.908000000000E-01,8.847710000000E+00,6.804000000000E-02
1.000000000000E+00,8.847727000000E+00,6.727000000000E-02
1.099000000000E+00,8.847889000000E+00,6.121000000000E-02
1.199000000000E+00,8.848013000000E+00,5.621000000000E-02
1.300000000000E+00,8.848109000000E+00,5.197000000000E-02
1.400000000000E+00,8.848183000000E+00,4.828000000000E-02
1.500000000000E+00,8.848243000000E+00,4.506000000000E-02
1.600000000000E+00,8.848291000000E+00,4.234000000000E-02
1.698000000000E+00,8.848330000000E+00,3.979000000000E-02
1.799000000000E+00,8.848364000000E+00,3.765000000000E-02
1.901000000000E+00,8.848392000000E+00,3.571000000000E-02
2.000000000000E+00,8.848415000000E+00,3.395000000000E-02
2.099000000000E+00,8.848435000000E+00,3.234000000000E-02
2.198000000000E+00,8.848452000000E+00,3.089000000000E-02
2.301000000000E+00,8.848467000000E+00,2.957000000000E-02
2.399000000000E+00,8.848480000000E+00,2.837000000000E-02
2.500000000000E+00,8.848491000000E+00,2.721000000000E-02
2.600000000000E+00,8.848501000000E+00,2.623000000000E-02
2.698000000000E+00,8.848510000000E+00,2.522000000000E-02
2.799000000000E+00,8.848518000000E+00,2.437000000000E-02
2.897000000000E+00,8.848524000000E+00,2.348000000000E-02
2.999000000000E+00,8.848531000000E+00,2.274000000000E-02
3.097000000000E+00,8.848536000000E+00,2.202000000000E-02
3.199000000000E+00,8.848541000000E+00,2.132000000000E-02
3.304000000000E+00,8.848546000000E+00,2.074000000000E-02
3.396000000000E+00,8.848550000000E+00,2.008000000000E-02
3.499000000000E+00,8.848554000000E+00,1.953000000000E-02
3.597000000000E+00,8.848557000000E+00,1.900000000000E-02
3.698000000000E+00,8.848560000000E+00,1.848000000000E-02
3.802000000000E+00,8.848563000000E+00,1.802000000000E-02
3.899000000000E+00,8.848566000000E+00,1.757000000000E-02
3.999000000000E+00,8.848568000000E+00,1.713000000000E-02
4.102000000000E+00,8.848570000000E+00,1.670000000000E-02
4.198000000000E+00,8.848572000000E+00,1.632000000000E-02
4.295000000000E+00,8.848574000000E+00,1.591000000000E-02
4.395000000000E+00,8.848576000000E+00,1.559000000000E-02
4.498000000000E+00,8.848577000000E+00,1.523000000000E-02
4.603000000000E+00,8.848579000000E+00,1.492000000000E-02
4.699000000000E+00,8.848580000000E+00,1.458000000000E-02
4.797000000000E+00,8.848581000000E+00,1.428000000000E-02
4.898000000000E+00,8.848582000000E+00,1.399000000000E-02
5.000000000000E+00,8.848584000000E+00,1.373000000000E-02
5.105000000000E+00,8.848585000000E+00,1.348000000000E-02
5.200000000000E+00,8.848585000000E+00,1.321000000000E-02
5.297000000000E+00,8.848586000000E+00,1.297000000000E-02
5.395000000000E+00,8.848587000000E+00,1.273000000000E-02
5.495000000000E+00,8.848588000000E+00,1.250000000000E-02
5.598000000000E+00,8.848589000000E+00,1.227000000000E-02
5.702000000000E+00,8.848589000000E+00,1.207000000000E-02
5.794000000000E+00,8.848590000000E+00,1.185000000000E-02
5.902000000000E+00,8.848591000000E+00,1.166000000000E-02
5.998000000000E+00,8.848591000000E+00,1.148000000000E-02
6.095000000000E+00,8.848592000000E+00,1.129000000000E-02
6.194000000000E+00,8.848592000000E+00,1.111000000000E-02
6.295000000000E+00,8.848593000000E+00,1.091000000000E-02
6.397000000000E+00,8.848593000000E+00,1.076000000000E-02
6.501000000000E+00,8.848594000000E+00,1.061000000000E-02
6.607000000000E+00,8.848594000000E+00,1.044000000000E-02
6.699000000000E+00,8.848594000000E+00,1.030000000000E-02
6.808000000000E+00,8.848595000000E+00,1.016000000000E-02
6.902000000000E+00,8.848595000000E+00,9.995000000000E-03
6.998000000000E+00,8.848595000000E+00,9.858000000000E-03
7.096000000000E+00,8.848596000000E+00,9.700000000000E-03
7.194000000000E+00,8.848596000000E+00,9.567000000000E-03
7.295000000000E+00,8.848596000000E+00,9.458000000000E-03
7.396000000000E+00,8.848596000000E+00,9.328000000000E-03
7.499000000000E+00,8.848597000000E+00,9.200000000000E-03
7.603000000000E+00,8.848597000000E+00,9.095000000000E-03
7.691000000000E+00,8.848597000000E+00,8.949000000000E-03
7.798000000000E+00,8.848597000000E+00,8.847000000000E-03
7.907000000000E+00,8.848598000000E+00,8.746000000000E-03
7.998000000000E+00,8.848598000000E+00,8.626000000000E-03
8.091000000000E+00,8.848598000000E+00,8.527000000000E-03
8.204000000000E+00,8.848598000000E+00,8.429000000000E-03
8.299000000000E+00,8.848598000000E+00,8.333000000000E-03
8.395000000000E+00,8.848598000000E+00,8.218000000000E-03
8.492000000000E+00,8.848598000000E+00,8.124000000000E-03
8.590000000000E+00,8.848599000000E+00,8.031000000000E-03
8.710000000000E+00,8.848599000000E+00,7.958000000000E-03
8.790000000000E+00,8.848599000000E+00,7.849000000000E-03
8.892000000000E+00,8.848599000000E+00,7.759000000000E-03
8.995000000000E+00,8.848599000000E+00,7.688000000000E-03
9.099000000000E+00,8.848599000000E+00,7.600000000000E-03
9.204000000000E+00,8.848599000000E+00,7.530000000000E-03
9.290000000000E+00,8.848599000000E+00,7.444000000000E-03
9.397000000000E+00,8.848600000000E+00,7.359000000000E-03
9.506000000000E+00,8.848600000000E+00,7.291000000000E-03
9.594000000000E+00,8.848600000000E+00,7.208000000000E-03
9.705000000000E+00,8.848600000000E+00,7.142000000000E-03
9.795000000000E+00,8.848600000000E+00,7.060000000000E-03
9.908000000000E+00,8.848600000000E+00,7.011000000000E-03
1.000000000000E+01,8.848600000000E+00,6.931000000000E-03